mnn,trade_name,drug_id,file_name
Абемациклиб,Зенлистик,ca56c862-7110-4a8f-ad46-ecb8008f14f0,9636e639-9f46-4fb8-8d53-da4bddfd0c4b.pdf
Авелумаб,Бавенсио,38de6a87-82fe-442b-9636-a61d7738d121,863f6555-9a46-4720-bd87-9ee8ef3436aa.pdf
Авелумаб,Бавенсио,858972d5-c364-4ecb-bfcd-7fae540ce594,9d3baa37-5171-4fb7-abfb-b53655cd0b22.pdf
Азацитидин,Азацитидин-Ника,c7fc7cb6-c322-433f-b8b6-78309117c838,216c8cf9-0cdf-42a6-901a-44ed00c8b548.pdf
Азацитидин,Фармазацит,5ecb5ffc-60b8-4280-ae99-f85b4153d642,45de0dd5-64fa-403d-b599-76b9df9c1b64.pdf
Азацитидин,Джоцитадин,1e482f7b-49af-4412-8b8a-1d65ebed653d,59cb8af2-29ed-4c29-972e-19fa88d788be.pdf
Азацитидин,Азацитидин Эльфа,349a4687-605b-45e2-aefc-ce8aab1d542c,afbee0f1-f99e-4c24-91d7-134606e2040b.pdf
Азацитидин,АЗАЦИТИДИН-ТЛ,3aa7f813-2195-42b8-b8e8-52488cad4c93,d591c764-01c3-469e-a081-c498f3dcd1c7.pdf
Азацитидин,Онурег,1ccd3050-f138-4e11-a74c-b950b1107333,4a950323-f8c2-4292-9858-59b3591c9b44.pdf
Азацитидин,Вайдаза,0b3f74b1-e8fb-405e-bb8a-c3994927ca2e,5a1ebe55-1f7b-443e-a2f6-46d77bd08074.pdf
Азацитидин,АЗАЦИТИДИН-ПРОМОМЕД,817d142d-73bc-4cca-9811-574131e728b4,6a877eb5-2e0f-4fa2-bedd-cd8b1aa0c55e.pdf
Акситиниб,Акситиниб,b8b8c831-d43a-4230-80d3-fa28ec0e338a,10034290-0be1-4080-8da0-afcbe942a82e.pdf
Акситиниб,АКСИТИНИБ-ПРОМОМЕД,f740afb2-cda7-4ea5-b664-e301572f773a,1b8eea2e-5c53-4e06-8982-b7edd4c55159.pdf
Акситиниб,Инлита,b49e94f7-2553-4631-b49a-baafcdda95f3,237cf73e-af1e-49ee-af73-7a3f121608f2.pdf
Акситиниб,Инлита,486df3d0-5626-435c-85ed-0d8cfc910fe4,af2607fd-1618-4d65-aeab-d73b6ee86cf2.pdf
Акситиниб,АКСИТИНИБ-ХИМРАР,5234d969-4578-403a-85a3-2e1c65ca27a7,c5c1c9ba-f473-4474-bd00-10ba56b548d5.pdf
Алектиниб,АЛЕЦЕНЗА,72603dc4-5e2d-4e6f-ba4e-e1a1ee63f0b1,57bc0ff3-b8d3-4d69-b4c9-a98e12036376.pdf
Алпелисиб,Пикрэй,7f1c80a3-f6a6-47cc-b945-d40f2045061c,10856e35-8729-4e22-8bae-eb6f1720b619.pdf
Анастрозол,АНАЗАЛЕС,1c90cdea-0f19-4f4b-bffd-0a6c1213269d,09dbf80f-3cfe-4a2c-82c4-7683ab829172.pdf
Анастрозол,Селана,92723143-7563-4528-811a-4756612841f8,2a64decb-d44c-48e1-8c36-caaa5b515538.pdf
Анастрозол,Брасер,2015c5d0-bc9f-4f04-962c-3b03a587aea4,4ccbba96-d51c-4f24-afb2-116825d5acd7.pdf
Анастрозол,Анастрозол-Промомед,b9c13a28-ea1a-41aa-8dd5-6bf8f909521b,d48ef54d-05ce-4a24-8ad8-bcd344ce21fc.pdf
Анастрозол,Анастрозол-Тева,825eccba-1495-47f4-af2f-42e6a3fc509d,f9f887a4-ba26-4cd4-b385-0c34453fc521.pdf
Анастрозол,Анастрозол,dc199a99-14a3-4c76-8866-2261c84376a6,026f86ab-6a65-4ce2-bcee-0f8285b64024.pdf
Анастрозол,Анастрозол,6de3e06d-5cd7-41d2-8c46-614452202b3f,75f21b3f-edb1-4898-a65d-f942b0fb9a3a.pdf
Анастрозол,Анастрозол,c744a4d7-2b7e-4af0-a70c-19dbd83126ee,c81f6359-272c-429a-9aa7-8c8b73d7db4f.pdf
Анастрозол,Анастрозол,a5badb9a-bad1-4b23-b9df-dbc9e5d83839,ЛП-003171[2020]_0.pdf
Апалутамид,Эрлеада,88d5c847-e44d-496d-a5e4-9e5a36c88989,5c34e22a-7052-4213-8d64-a0400017807e.pdf
Арабинопиранозилметил нитрозомочевина,Араноза,8066c5ff-8c6d-4c81-b99f-614a74f4cd3c,ЛП-001205[2017]_0.pdf
Арабинопиранозилметил нитрозомочевина,Араноза,916a356f-1528-4783-b1f8-5bbda3797ed0,Р_N000449_02[2020]_0.pdf
Аспарагиназа,Веро-аспарагиназа,d20b2358-c9db-4376-95ef-c3bf1c7b7e71,23d7aebb-65b5-40bd-86ce-f1d02017faac.pdf
Аспарагиназа,АСПАРАГИНАЗА,f031234a-bd6b-4c91-b025-bf69b062c216,6a66e36e-8980-418e-85c1-f9f7c9d58a99.pdf
Аспарагиназа,АСПАРАГИНАЗА,531462ab-217a-4d2a-a429-67f057b69f31,58ac3835-4b49-4ba5-bd4e-5c1e414ee154.pdf
Атезолизумаб,Тецентрик,68943137-4d9e-423b-bb59-85d90d475659,91cb1f69-3eab-424c-94e3-58cef7a03ba0.pdf
Афатиниб,Афатиниб,c02ffac1-c41d-44f9-90e4-0e3fad1531b8,5563ede4-6ca2-416e-95e1-45d130831338.pdf
Афатиниб,АФАТИНИБ-ПРОМОМЕД,9c74643f-8f29-4606-aedd-f90a10ce7927,b0829a84-34aa-4b6b-b8c6-c3c3346f8b3a.pdf
Афатиниб,Гиотриф,887fdcf4-4531-4038-884f-255b30472f0f,d03add2d-42d5-49b5-a8af-6eb6ff71a58b.pdf
Афлиберцепт,Залтрап,8311547a-921f-402f-b5ff-a2f96502cb13,7a7da85c-1964-48e5-b804-b11eb771dda3.pdf
Афлиберцепт,Эйлеа,02345b6d-7fdb-4de2-a373-96fa2c01667a,c0880ddb-afe2-4873-b644-0fd8e8e5b875.pdf
Бевацизумаб,Авастин,b394a794-5d28-467e-8c06-791edeee6fa9,0407b4f2-4b96-4cb4-8d2b-ed0e227e7da1.pdf
Бевацизумаб,АВЕГРА БИОКАД,22551cbd-3289-45c0-9124-188bf76550fa,1295d9cc-c22e-4af2-86aa-49fbf56e2376.pdf
Бевацизумаб,СТИБЕВАРА,087047c9-5563-478b-bbd4-9a02c7b102d3,7517515e-aa2c-435f-9ec3-332919e4945e.pdf
Бевацизумаб,Версаво,83a1a409-cf70-4992-ba3b-277f8a552b8c,87b97616-7a9c-4e32-bb7d-2ce83a83cff7.pdf
Бендамустин,РОЗУСТИН,4fc85991-36e5-4218-897e-289451076f6c,7bfdce68-c730-4d69-8613-b53dacb364c3.pdf
Бендамустин,Бендамустин,efdfa58e-a58e-4ae6-b313-2815d48c9a56,3baf33a6-4020-4d89-91e6-fac72f9bd0fd.pdf
Бендамустин,КОВАДА,afb37ea0-bbcc-4162-93d3-9bba42b6ed40,4136123e-fb3f-46a4-9def-aa1517f4d70a.pdf
Бендамустин,Бендамустин Канон,1149a62d-db62-4da4-9797-e4dd8f1b459a,4c592294-7420-4c6e-8f60-721911f728e5.pdf
Бендамустин,МЕРКУДИЕС,84094df2-e43f-4527-a79c-d653be683050,536f4f8b-f2f4-48cf-8e29-a733e166c2a5.pdf
Бендамустин,Бендамустин-ТЛ,497e0aa2-6eef-41fa-a757-d2a620a9a6a3,704b4eca-7828-4cf8-ad20-68f11299dd88.pdf
Бендамустин,БЕНДАМУСТИН-ПРОМОМЕД,cdef46cf-96c9-4f1e-8a87-582eb0ce7bd5,7471c9a3-15e3-4a55-9840-6b2dd1f98f78.pdf
Бендамустин,Бендамустин,614a51fa-6b45-406b-91f3-665cfc7bc0a1,7dd7abb0-5932-4476-9a31-5375c903d666.pdf
Бендамустин,ГРАСТИГЕН,2a4e1044-d301-485f-a0ec-2309e8383538,ЛП-006064[2020]_0.pdf
Бикалутамид,Бикана,ecc7b491-aa50-4bdf-abc5-12fad95f1ac2,026f142c-5b7e-4275-bb05-8439a9a7c92a.pdf
Бикалутамид,Касодекс,41d14db1-d8a8-4aed-b013-43dbd36d5270,82bd03aa-5e27-4c94-bd3e-b49418e60edb.pdf
Бикалутамид,Касодекс,8c6afc8b-dc0a-49ea-ab3f-30112122b260,b355dfd5-ae69-4d24-846d-0f82adfb0fc6.pdf
Бикалутамид,Бикалутамид Канон,bb36c024-2152-4067-8652-bc5ae9378f97,bb8b2ac3-66fe-4bee-a48c-4152acb9043b.pdf
Бикалутамид,Андроблок,de965fc7-129a-4b68-883d-0528ccf16cda,40b224fb-f79e-4b05-a7a0-882b48c7bb80.pdf
Бикалутамид,Касодекс,2922b18c-a1d1-4a04-b70f-ae6623dcbef2,44863a63-8baf-446a-a044-79fc1e43e299.pdf
Бикалутамид,Билумид,23a55f42-df59-47c5-940a-65fd20dc7755,915b58bd-6732-455a-9a10-9f875bc9b44b.pdf
Бикалутамид,Бикалутамид,7d189e19-05ed-4894-a50a-8c8e2a6cafc3,c6a71699-819e-40a6-a9d3-1a383fa5021f.pdf
Бикалутамид,Бикалутамид,f8108540-7e64-4a17-8d8a-ef49988ed05b,d5bd0846-59bb-4528-bf3c-f2bd86048fa6.pdf
Бикалутамид,Бикаксонко,707c9e42-5ef8-4b1a-9409-0cd613f0118c,ЛП-000398[2019]_0.pdf
Блеомицин,Блеоцин,94546804-ce53-47c7-b9c7-bb5a3b0e4ca6,026c21c8-8957-43e4-b721-d69996fc8267.pdf
Блеомицин,Блеомицетин,ee405e71-195a-448a-9745-0eb436c09afe,69182e47-092a-4703-8740-a4487407581a.pdf
Блеомицин,Блеомицин-РОНЦ,1479178d-0b5b-46b0-b9c3-e1e33f2e35d9,7811d0cf-d24d-4ac5-a738-899fec7fbf3b.pdf
Блеомицин,Мальтин,ea5d7bcc-81a5-4b41-b710-8d723424236b,9827b109-bf15-4bdc-84d4-2d4b7be944ae.pdf
Блеомицин,Веро-блеомицин,fd37d53a-fff5-4d40-b494-3aa196753378,ЛСР-008999_09[2020]_0.pdf
Блинатумомаб,Блинцито,154779ac-877b-4135-8826-9c4f9e93c82e,3c431416-b1bf-4740-be47-2afafcaed3e7.pdf
Бортезомиб,Бортезомиб-Тева,d6fba77a-7518-4042-bceb-0729a9bb2a43,379a1e55-2bd9-4016-802c-a4c303d87157.pdf
Бортезомиб,Бартизар,1c9bee99-c091-425e-81bd-a50469ea1638,7275e8f7-0ea3-429c-8946-f3fe9e03c67c.pdf
Бортезомиб,Бартизар,dc14e41f-e5ce-4ac7-bf18-01183a9408a1,ce8411f7-0a3d-40ca-918f-25eee5c2f5c1.pdf
Бортезомиб,Бортезол,dae84b5f-2c26-48f9-9017-e97042dd78f4,fdcd062e-85a0-4580-ace2-d06594062625.pdf
Бортезомиб,БОРАТЕРИН,281841ab-67b6-4e0f-9be6-00c73bccfd3c,1894370c-b3d1-434f-8714-383b4c1d6692.pdf
Бортезомиб,Бортезомиб,0d04538b-d200-4d26-8c3c-16f5ef4ea214,82432bcf-67ff-492c-916e-bdc7dfa6fc21.pdf
Бортезомиб,БОРТЕЗОМИБ-ПРОМОМЕД,069499cd-b50e-4845-a405-1cf6d851d922,8af6d435-550f-4a6a-afcc-788eb30f20ad.pdf
Бортезомиб,Бортезомиб-Тева,49c45132-0316-497a-b705-6282e99a8f2f,c0a5bb5b-c1b8-458b-8523-3d38ef67f82b.pdf
Бортезомиб,Велмиб3.5,e2be330a-78fc-42ec-a9e9-176f8c054367,efbec0e3-d0ec-4db9-a2b8-46bd13bf00d8.pdf
Бортезомиб,Бортезомиб Канон,2fcac795-89b0-4b00-9512-05e565f942ef,ЛП-006120[2020]_0.pdf
Брентуксимаб ведотин,Адцетрис,a0f9c364-9fcb-4b51-98c3-48892d5aae42,babfdcbd-781a-4d50-b052-3bcc5484e311.pdf
Бусерелин,Бусерелин-лонг,47cc88a1-6ff9-4901-bfa9-86ff51a69782,064991b7-cc85-48ac-9c2c-52cd5cdc873f.pdf
Бусерелин,Бусерелин-депо,2429bcf2-4537-4c2f-bbe7-a7e5edb4177a,4a9cdd54-1502-4c5a-8476-04584dc63de4.pdf
Бусерелин,Бусерелин,e69deef9-b907-4474-95f5-5173195b70a8,4dc0abd0-4f20-4dff-871e-3dfa1523a603.pdf
Бусерелин,Бусерелин,39276112-9d47-4bec-96cb-7f7f4fec5803,f60046cd-3f56-4d92-93cf-aa49ffdab8fe.pdf
Бусерелин,Бусерелин,dac665c6-454b-4df9-a8c7-e62434f0f7d5,Р_N002373_01-2003[2010]_0.pdf
Бусерелин,Бусерелин-депо,b4bfd557-29eb-4396-afef-d358b1f9ee82,Р_N002378_01-2003[2011]_0.pdf
Бусульфан,Эмсульфан,bdb27273-2bf5-4d9e-b3a8-ca5b602804be,06a7881a-0e7e-45c2-9ec5-d8b07acc52ee.pdf
Бусульфан,Милеран,89455b89-4229-478f-a314-81ebda8e1acd,2e293433-aa5d-46f5-a24a-4964d04a1784.pdf
Бусульфан,Бусульфан-натив,b206e6a9-4aa6-421e-8225-4df614ac827f,38620cd0-5c36-41ae-9882-4b9fb67ac750.pdf
Бусульфан,Бусульфан-РУС,9d79344d-192b-44aa-a998-e31d2230460b,c3cf1d26-d055-418b-814e-4d90ad1e9587.pdf
Вандетаниб,ВАНДЕТАНИБ-ПРОМОМЕД,00ba02ff-f983-46be-89c0-dde34340b389,2d43aac7-ac12-4945-9552-5cb9f5a72df6.pdf
Вандетаниб,Капрелса,a014c17b-7cdb-4993-9974-00b1718c9f6a,fc33bc24-0310-4774-8bfd-4af1bd43385c.pdf
Вемурафениб,Зелбораф,2e763c4e-9922-41ae-98ef-d7b2486dfe05,f0e58d23-39ee-4922-8f55-ba31f8de5aa3.pdf
Венетоклакс,Венклекста,8cedd65b-3e00-4f7d-aac9-445505cc9d41,508cc796-a8bd-4236-9847-5f010cae0ba8.pdf
Венетоклакс,Венклекста,a1111a51-349d-4ff6-b92a-40e2bc0da33d,5325e6d9-80ec-40b1-ac02-0117dc58141d.pdf
Винорелбин,Винорелбин-АМЕДАРТ,65c9ec64-0b57-4965-a418-55b8c5cbe96b,08747b75-9399-42c8-a21b-1ec35e1b836c.pdf
Винорелбин,Винорелбин-Тева,4dd8f861-b3b4-4ab2-a2a1-cefbf3f2889c,0daab879-741c-4e06-8bab-1b8d0c30cc4f.pdf
Винорелбин,Фирелбин,25a36f10-cc95-411c-8848-ab81a58a99f7,24d73831-ea5a-4cb0-b8a3-dcb6e10b2c9a.pdf
Винорелбин,ЦИТУВИН,908e4f25-a389-402f-b310-7ea1243b7628,afeea782-46ce-40db-ae5f-4b90279b8dc9.pdf
Винорелбин,Фирелбин,ea838a27-f928-4dd4-9d0a-33fcdf677cbb,b1e6ad08-1b71-4c9e-bb4c-8063dd317b7a.pdf
Винорелбин,НАВЕЛЬБИН,4ea1ded6-60f8-4d53-bb99-9fa3a0c8c38d,cdffd704-009b-4180-a7ad-0de83f12e10e.pdf
Винорелбин,ВИНОРЕЛБИН,3875dbf9-03de-4a3e-8aa8-5e7e0052f648,f9e1b77c-e651-4919-8d93-46b9a6ccd21d.pdf
Винорелбин,ВИНОРЕЛБИН,d85fde7e-d441-47fa-8be5-b5cdb1dc7b2c,c0ca5f94-e84f-4257-ae87-d086c2ac592b.pdf
Винорелбин,Винорелбин Келун-Казфарм,3f70a6cf-b705-40a6-8bc5-781ddb695e35,df9cb712-c6c4-4b25-a0b7-c3d8ce33ec2b.pdf
Винорелбин,ВИНОРЕЛБИН,9f270b2c-ff1f-4a1f-a92b-af837992da28,f659a127-a4c1-4d13-bce0-f76b0670814c.pdf
Висмодегиб,ВИСМОДЕГИБ-ПРОМОМЕД,614dd540-d12b-4ce7-a89d-8737205d51de,800a725a-5f5c-4763-be91-1b43c1b0f4ff.pdf
Висмодегиб,Эриведж,75ab61c4-a061-44ae-ae66-1fffd8ed2d28,cbdc3fa9-58c7-464e-b163-ed8710ae3a08.pdf
Гемтузумаб озогамицин,Милотарг,5fef4f5d-ce52-42bb-ae1b-442e9ad65b5e,824714d1-cf14-4910-9b84-bf0ff74e1d8e.pdf
Гемцитабин,Гемцитовер,195ca493-7e85-4135-bee9-1576d2920e8a,0f20df4b-b3c1-4d2c-abf6-ac1e746c04ba.pdf
Гемцитабин,Гемцитабин-АМЕДАРТ,cbe9d205-5920-4b4f-912d-4627ae5f52f8,24c7aabb-44b6-483e-88cb-fbde52b2e871.pdf
Гемцитабин,Гемцивин,4a5201cd-3fa9-4606-83c7-4ff19a4397b0,5e523e94-929d-4c79-a8f7-8a28c9b0824a.pdf
Гемцитабин,Гемцитабин-АМЕДАРТ,0f87e0dd-3801-40f3-b523-8606d4076286,dfbf3b73-ce74-4942-bbdf-db83b3047b9c.pdf
Гемцитабин,Гемцитабин-РОНЦ,bc2595f7-b974-4340-ac03-81128e5b91a3,0bdaa907-eba9-40a2-8558-00dd03ab21a5.pdf
Гемцитабин,Гемцитабин-Тева,3157ffa4-c2d8-4671-b25c-46040b4abbe3,16ebfa81-ebbb-4e72-ab74-db8228017c40.pdf
Гемцитабин,ГЕМЦИТАБИН,bfc00ea8-4d95-478b-bd4c-4e714243782a,41338e2b-2f28-4e06-a046-d13d22ecc322.pdf
Гемцитабин,ГЕМЦИТАБИН-ПРОМОМЕД,f713caf7-5e79-4486-afb0-d87677e5336d,58103554-e4cf-4d7e-943c-198f91e5b990.pdf
Гемцитабин,Гемцитабин-Эбеве,35e38772-5c9f-4ac5-bac9-038d71b0a7b3,72ef0352-d7b3-4142-8239-f3bd66eeb62b.pdf
Гемцитабин,Гемита,d2c2bbe6-a43f-40dc-907b-1431e9de3649,b03c6175-665f-4935-914e-ffee2b83174e.pdf
Гидразина сульфат,Сегидрин,9dbf8bac-bca4-41bc-b57e-9578f7424220,0c846bd9-895d-4d36-bf08-4f9d5f14aef0.pdf
Гидроксикарбамид,Гидроксикарбамид-натив,cbd798f3-a14c-4d3e-a703-ccd83bfb4bc0,e9c75264-8208-4523-850b-f942296c920a.pdf
Гидроксикарбамид,Гидреа,357de1c9-1af3-4fef-b807-af0d39d7c3da,2fef3b0d-27ea-4d6b-88cf-53101b796b22.pdf
Гидроксикарбамид,Гидроксикарбамид,c8617c10-4a9c-40cb-a7a3-e90a2fd89b75,526ec577-5e3c-494b-9315-2ff27f0b30bc.pdf
Гидроксикарбамид,ГИДРОКСИКАРБАМИД,36ba8b14-fad2-4a7e-8533-1f6ff1dd3124,7060d2c1-9910-4ef8-9895-e453befe9300.pdf
Гилтеритиниб,Ксоспата,1a691f85-94da-4688-9fbf-cdc284c091c5,c400a210-589d-41ae-8c53-a45147d34abe.pdf
Гозерелин,Лизегора,dbf95623-bb4a-4a35-bad4-8889dc679a3e,1fb95e30-6f14-4154-8980-0ec713a86f02.pdf
Гозерелин,Золадекс,e2379b1f-f517-4676-82c7-c514d9bdd841,381682c2-743f-4b00-beb3-178399bd4013.pdf
Гозерелин,Гозерелин-лонг,a7fea35b-67f0-42d0-b033-d385a8791e57,c4ccac51-8455-45a4-95a1-1eaa0ef5452f.pdf
Гозерелин,Лизегора,c5815a90-6054-4763-b85a-3928e7f6b86c,235cc990-29d2-435a-8e85-26356c94cc50.pdf
Гозерелин,Лизегора,f0cdedbf-4489-4534-b3c3-a21b500741e1,438df00e-f351-42ba-b7e1-14aa3519d37f.pdf
Гозерелин,Золадекс,e64d22c6-b3e9-4424-9fa9-00af016903b2,c685e0a6-9207-428b-86a0-71e59caf7d9b.pdf
Дабрафениб,Тафинлар,9dccf099-659f-4b41-b730-ea88f23b12bf,34370854-2e17-495f-8fdd-be4d88caca83.pdf
Дакарбазин,Дакарбазин-Рус,5cebcf2e-7c59-4837-b93c-bcac05abdbab,e01cc1f2-8fa7-46b4-9de6-30b346cb385b.pdf
Дакарбазин,Дакарбазин-ЛЭНС,68367205-0a2a-4f83-9066-87b8da305ab3,c099a924-4363-493f-a9df-db1d3b1232d0.pdf
Дакарбазин,Дакарбазин медак,5646eea5-ffbd-4f0d-be25-cca4a31ef931,ceae1fd3-66e4-46e4-9392-5053f608bd1f.pdf
Дактиномицин,Космеген,7a7963cd-a2ef-4005-bb73-599029d44f00,f4e5cca8-0801-43c5-96ba-75560ba42fc2.pdf
Дактиномицин,Дактиномицин,58b0517d-517c-41ae-a37f-b743d255d39a,4b33d90d-30e9-4f44-843d-a883c8d7ccc7.pdf
Дактиномицин,Акномид Д,3322403f-982b-42aa-b455-fe5fd47456a6,4d657878-a330-48f2-b47b-1bad203683e2.pdf
Даратумумаб,Дарзалекс,465a5247-ef83-4ada-8f32-00bcca137d4a,86458800-b049-4e6d-b875-45dcc3b2cebe.pdf
Даратумумаб,Дарзалекс,24e2b569-78d7-4300-929b-3fbba8254144,35a6114c-d5fb-4a2e-bca5-3a9a6922abbd.pdf
Даратумумаб,Дарзалекс,ca7a353c-913b-45b7-a740-741ca06dad51,654515de-e6c9-490a-b5f3-466f5ee778fb.pdf
Даунорубицин,Даунорубицин-ЛЭНС,263ddab7-43be-4424-95b8-dd690646bae7,008bef68-b54b-4705-9c0c-2209899b6e90.pdf
Даунорубицин,Даунорубицин-ЛЭНС,40242245-d053-424a-bbda-7d51a7eea371,30925ce3-a5b0-4748-bea4-21da3d35bb10.pdf
Даунорубицин,Рубомицин,04ff69d0-51c3-4eef-992d-209e47b77662,e6b853d8-943c-486f-af45-a083ed1c3c7e.pdf
Даунорубицин,Рубомицин,abc1bcfd-dc4b-4aed-89b3-5706519bb4ad,e7eb6a03-dd3e-4ac6-8e60-3aef5ff2cd6d.pdf
Дегареликс,Фирмагон,d655302e-7b7e-4261-93a8-685233096b0d,eac932c0-cdd0-4df8-82d5-d708cfd3e316.pdf
Децитабин,Децитабин Эльфа,68bdaf1c-7e5e-41fa-9460-10989b825408,56ab79c5-6bd8-44a0-beec-5fa5382de5eb.pdf
Децитабин,Децитабин-АМЕДАРТ,2ce17a89-3c2f-4e94-90a5-12b9bd4ab1f9,91dd6cc5-5c4b-4fa1-bcad-8eee28e17812.pdf
Децитабин,Децитабин,b0329208-62fe-4770-8307-89d1afdd73e7,07e5eaa1-0497-4c57-849b-3807df007afd.pdf
Децитабин,Дакоген,a804887b-1c61-40c5-b58a-9f2cf529333e,5bb94c01-70f7-4cc9-a15a-de1db23dfb28.pdf
Децитабин,Децитабин Эльфа,41cca6ba-1eaf-424a-b2e6-98d60e2444de,998d37ed-0993-4d3d-a85f-80f6bea782ea.pdf
Децитабин,Децитана,d468f259-f13a-4c5e-af95-0604adb4ec7a,ba0313ed-8e05-428c-aa25-43bfbe8d2637.pdf
Диглицидил метилфосфонат,Глицифон,06fed240-7e62-4088-b3e2-21b91aba6b49,2a9d64c7-7cfb-40b1-b0fc-9c2912badea7.pdf
Доксорубицин,Доксорубицин-РОНЦ,8e9137d6-0fbf-4d0f-add8-0a9cb3b3ca6a,31cc2022-79d4-4088-ba93-64bf157be603.pdf
Доксорубицин,Доксорубицин-ДЕКО,a56cdb3e-00e2-4123-9342-d0ebf23300fd,849a721f-8238-4d40-8904-b89c124a17a4.pdf
Доксорубицин,Доксорубицин-ЛЭНС,06ab01be-c9d8-4c4d-a6d4-2d4c1fbbd93d,c17ca7ee-c0c3-4161-b038-21f34d85a45a.pdf
Доксорубицин,Доксорубицин,a3733c68-9eb2-48a5-8dd1-d15561eeb872,246a1aea-665a-4b61-8ef2-71d62b66bf1f.pdf
Доксорубицин,Никорубин,46250488-7615-4c85-9fb9-26f04039f233,49811b26-df55-44fb-a1df-b17651dbe049.pdf
Доксорубицин,Доксорубицин,9c2e443a-4edb-4b24-a7d3-d849d3720239,75e864e8-3184-4cf0-b6c6-fb927587924e.pdf
Доксорубицин,ДОКСОРУБИЦИН,411df250-9078-4bbf-9e91-00327400b4a1,dc2c4755-fcf8-41c2-b59e-c02b871c9f60.pdf
Доксорубицин,Доксорубицин-ЛЭНС,2e25cd2e-3b75-4a6d-b9ce-0dd570bf3267,e97e100f-6ea8-42d3-846f-4bf813cf70b8.pdf
Доксорубицин,ДОКСОРУБИЦИН,ffcc7af1-42fb-4626-b9f6-6e93808ca39e,edcc31ff-ad46-4979-bfe2-2abba209a8f2.pdf
Доцетаксел,Таутакс,60871f6f-f8a1-4783-baa5-77b4105d51ac,31f9b725-8029-4f14-8aef-1283be840c9f.pdf
Доцетаксел,Доцетаксел-Рус,fa9ab989-1eae-43bf-9035-537ae5be7a3c,7580803c-97b9-4905-95c3-18feb3318f4b.pdf
Доцетаксел,НОВОТАКС,ae6c686b-81fe-4b46-b8b9-c06bdcbd2df6,df79f061-7847-416b-8988-c9c1fcc73d68.pdf
Доцетаксел,Доцетаксел,bdbcdb0b-8250-4155-bd28-a03d06e94065,ea9e26bd-d971-4787-b179-d957cda9f49e.pdf
Доцетаксел,ДОЦЕТАКСЕЛ,9a736fa2-a80c-49ce-aa37-bb03a99f807e,3d240e58-c01d-4712-969a-e8fe069842ab.pdf
Доцетаксел,ДОЦЕТАКСЕЛ-ПРОМОМЕД,6081aa9a-95af-4a94-bb64-5b7f1f07e569,75b8415e-2024-4133-b58d-f54660776815.pdf
Доцетаксел,Доцетаксел,9b0eda8d-df99-4b63-b3a6-f55859f69041,9f7eb658-7e61-46c6-bd2f-dea2257c863f.pdf
Доцетаксел,Доцетаксел-Фарм-Синтез,8c538f72-a6cc-470d-bd1d-723902af4a10,a2041173-e7d7-48d2-86af-74b8471cfaef.pdf
Доцетаксел,Доцетаксел,1839c887-1baf-42c1-9dd9-7f4b52625a4c,cbdaaf60-78d7-4508-af3d-ab14cd9accc0.pdf
Доцетаксел,Такселен,d5366cd5-f393-4bf0-a573-3ce13f309011,d59b996b-46cf-49a8-bea1-51446d1e5323.pdf
Дурвалумаб,ИМФИНЗИ,5e71e0aa-393c-42f0-a0e3-50db9c1c73c9,0ebcbd2c-4257-4a52-8078-d7064c2c9c5b.pdf
Ибрутиниб,Ибрутиниб Фармасинтез,1c61c98a-be1e-4d07-b175-e578685263eb,0f5ece32-65fe-419d-82c1-1b6c6cecf139.pdf
Ибрутиниб,Ибрутиниб-Промомед,f59683dd-7d3d-4b56-a4d0-340713d85a5f,438e6f74-8b62-480b-b132-89b4db635b70.pdf
Ибрутиниб,Имбрувика,68ccf197-633e-458f-ae43-7df6d8ce356a,d69c841e-d91b-43d9-b716-92109a25862c.pdf
Ибрутиниб,Имбрувика,ed4afa45-4e58-4bdb-a8d4-0098adaeb994,3a5cfa18-0ffa-4377-b948-1cfeb4ad8e89.pdf
Ибрутиниб,Ибрутиниб-натив,15b5aac5-c640-4b3b-a101-d872df9407c2,ЛП-006261[2020]_0.pdf
Идарубицин,Идарубицин,68c1b4de-85f4-4072-b40c-afa011b5a95f,5712b48f-0395-4292-bab3-e954df40d262.pdf
Идарубицин,Рубида,0886f62e-3c01-413a-8325-6b6baaaed554,83e61165-4de8-4cf8-af6f-b3d81a0359db.pdf
Иксабепилон,Икземпра,7707ef02-c778-4ce0-8d38-e059eb0cd860,b5aa0564-6f00-477d-9773-6b5817c90577.pdf
Иксазомиб,Нинларо,0e440ff6-0b15-4fba-a82c-2fffa4493580,4179381e-d173-431a-b2af-0144c8c3db1f.pdf
Иматиниб,Иматиниб,9105b1e5-6376-4b98-b7d7-37a4bbcdcc84,99d667e6-cabf-41d1-b167-d59cfa5e408b.pdf
Иматиниб,ИМАТИНИБ ГРИНДЕКС,9b11bd00-4747-4bdd-bc91-e55faee9ae46,080e26d9-9a34-4e9d-9fe4-a6f19a92af2b.pdf
Иматиниб,Иматиниб,2ecdbda7-12cb-498c-bf58-082ca6c7b610,1ec3b9ba-d227-46a8-8963-777c6ed5afbd.pdf
Иматиниб,Иматиниб,c4a25428-b8f8-47f3-befc-61d3ab998821,4fc60ae7-df6b-428e-be65-b2f593b79650.pdf
Иматиниб,Неопакс,16b3f4f1-81fa-4445-9bae-d6d0ccf37f17,6654cf5f-a7cd-406a-bce0-abe6fe3b47ab.pdf
Иматиниб,Иматиниб,cc8694e4-aab7-462c-ba0e-52cc0567030e,6c461fd2-cc4f-43e1-a18b-1cbee8dadb91.pdf
Иматиниб,Иматиниб-Тева,24ebf303-1868-406d-ab77-17cf1aee6a8a,ade1ad3d-57ad-4e78-b83e-955dfe3da23c.pdf
Иматиниб,Иматиниб,dd4caeba-3a2e-4c1d-a758-4564f8ba7ef3,bea860eb-a3b7-49eb-b097-e836a833810f.pdf
Иматиниб,Цитонибонко,00b984c9-eaae-4479-b866-581b40afce8e,c8587a32-a02c-4228-9cd7-286650f34025.pdf
Иматиниб,Глемихиб,a361ae97-6e90-45b5-b36b-62389e57d912,ЛП-004236[2017]_0.pdf
Интерферон альфа-2b,Бинноферон альфа,12877ca9-ce33-4b1d-b621-9ff2e8a74bfd,25661543-c760-4dde-96af-40d1036877de.pdf
Интерферон альфа-2b,ГЕНФЕРОН,38dc6fad-a656-488c-98e7-33bfd593a2d0,d5efc6b9-b728-45bc-a33c-9176e9c6cd76.pdf
Интерферон альфа-2b,ГРИППФЕРОН АЭРО,4cce15c6-cfe9-4247-a4f1-674dabac15b0,131e80bb-d7b6-460a-8ed1-a4178cf7ac6f.pdf
Интерферон альфа-2b,ГЕНФЕРОН ЛАЙТ,fa15e691-cd6c-4e12-9abd-c16e8b3c04b6,4af0e027-161a-4b44-821a-cad2cfa74f11.pdf
Интерферон альфа-2b,Микоферон,09aa9445-ab28-4e9e-832e-870514ab2020,54b85678-64b7-43ce-a27d-2d366d8d47e8.pdf
Интерферон альфа-2b,Гриппферон с лоратадином,d91a3f61-0b72-4cb9-8547-547b24eb2ab3,69304401-2aac-4765-8ae9-efd581f79918.pdf
Интерферон альфа-2b,ПегАльтевир,3e2b22dd-60df-4316-ab5c-3876edaeda33,c1e147b4-6717-4521-a16e-784f0dda9ff1.pdf
Интерферон альфа-2b,Интерферон-Офтальмо,2cc5c026-5245-42fb-9c3f-ae34e91263c3,dcc10082-54f4-4401-86ff-9fccd9ebfd66.pdf
Интерферон альфа-2b,Аллергоферон бета,a2a9b599-e7cf-4903-bd8f-908aea94802b,ЛП-002999[2015]_0.pdf
Интерферон альфа-2b,Пэгинтерферон альфа-2b,a750cc86-a205-46d6-ba7c-2d74cf446883,ЛП-003437[2020]_0.pdf
Ипилимумаб,Ервой,0c422735-6a02-4968-ab50-a3df3f94b7b3,d56477e4-b82e-41d6-88e7-a1dfed2e1678.pdf
Иринотекан,Онивайд пегилированный липосомальный,78fb1cfb-773b-4d08-b571-0673003f49f1,1632d1e2-bf80-4206-b388-03b30e2bc7fd.pdf
Иринотекан,ИРИНОТЕКАН-ДЖ,57921260-b62f-4187-ba48-0e77c48a2043,18acc8a6-5e9f-425e-ad55-f8412118628f.pdf
Иринотекан,Иринотекан,6490b36a-30f6-4bee-8c72-f995909eddcd,2a9ec220-6723-4c68-a7af-05f98892fea0.pdf
Иринотекан,Иринотекан-Тева,ae6135c5-eac3-4a6c-9a67-53f98d443ff8,7a3c3ee9-d1ab-4dbf-967a-6ce3c76d9181.pdf
Иринотекан,Иритен,6915c852-2820-4ca0-89f4-ce702f095019,b4817f1b-ff29-448e-be9b-ef408d305935.pdf
Иринотекан,Иринова,e0d52820-184d-4872-b328-563179ab8ec2,bf2ae0d6-391e-44fc-abb5-7ca5171d857d.pdf
Иринотекан,Иринотекан-АМЕДАРТ,c9bfc8f5-921e-4417-b3b0-ec21ddb40534,1bdc2846-78a0-42fc-9030-1ab05e38ee0b.pdf
Иринотекан,Кампто ЦС,0e415c42-b676-4ad7-ae74-d86f23f7e997,5de9895c-a1e1-4398-b541-0795206c334f.pdf
Иринотекан,ИРИНОТЕКАН,69d98a36-c680-4b2d-8b6e-0ba86f4be6f0,66cf4e2d-274e-4834-9338-3e978be45593.pdf
Ифосфамид,Вескомид,3f9aaec5-7ab1-42b5-ac13-dffdf09daa9b,13fc83ca-60ca-4976-a2d5-7e95fee3ecbd.pdf
Ифосфамид,Ифосфамид,569852e2-60a8-49d8-ac41-f4a754e1745e,81e099a5-880b-4c53-a70b-accb65804c4c.pdf
Ифосфамид,Холоксан,f0b823e7-11a5-4af0-98d7-e89e29f753e8,d9542d14-720c-4c23-a70d-9e6f04434d9d.pdf
Кабазитаксел,Кабатэкс,d9823fce-2cab-4ba8-8fe8-97eabe92ee25,1e78d384-0219-4d63-af4e-d8fe8233d3dd.pdf
Кабазитаксел,Кизабо,b8500686-2b03-4631-818d-3a49abba98d2,377c05c7-5b6c-4fa6-8708-25dc33e79bb5.pdf
Кабазитаксел,КАБАЗИТАКСЕЛ ЭЛЬФА,921d45cf-3a85-485a-88bb-78c8320b5652,8022f635-faa9-4605-b2d6-ff8ca3e48db7.pdf
Кабазитаксел,КАБАЗИТАКСЕЛ,0bcfdd2b-dc71-4195-80e1-4f53120317fb,8bfb1586-291a-4d3e-8bf3-a9e74a10d9c4.pdf
Кабазитаксел,Кабазитаксел-Ника,4aa9ecc1-8d47-46fd-826c-a97a3327b40c,9f157f1d-1ac1-47ae-a315-b29c9f88c61f.pdf
Кабазитаксел,Кабазитаксел-АМЕДАРТ,ee50b172-42ca-483b-bec6-d7db08408794,dd72a06c-af3a-4a6d-b04c-460ef94d9200.pdf
Кабазитаксел,Кабазитаксел,43b7a760-7a52-403a-b1e8-0c6abde2810a,fa577194-c694-4cff-bfde-0e0f13761415.pdf
Кабазитаксел,Кабазитаксел ЭВЕР Фарма,cace4c82-6f75-49a3-b4af-9814d6e171b8,181edfb0-6b69-42ba-bbed-ba3143ffdc29.pdf
Кабазитаксел,Кабазитаксел-Келун-Казфарм,c144a6e9-3df2-4728-b4c3-85e1e36bf164,bb36823d-da5b-4acf-bd7a-b0d7c7cf8e63.pdf
Кабазитаксел,Кабазитаксел,856a8acf-59a7-46eb-af22-63fd5a2e8e01,fe62153a-ea95-4acc-9d03-f0ac50682cd1.pdf
Кабозантиниб,Кабозантиниб Дж,2c7aa5f8-65f2-4c2e-86c7-aa10809d84df,47821822-5b6d-4f7c-867b-f12006c5c678.pdf
Кабозантиниб,КАБОЗАНТИНИБ-ПРОМОМЕД,bab1ba94-8c9d-43b5-a9cd-65bbc8cb7c1a,4febdd8c-39eb-46c6-b539-02c83f6d7704.pdf
Кабозантиниб,Кабометикс,93f38653-0442-43d4-8a13-071d45a28576,78f93286-7234-4a91-82ff-a70adf390998.pdf
Капецитабин,Капецитабин,008dba09-7624-41c7-b1f9-a506d4ae7d5b,86e77aa3-92af-4dbb-af2b-a6705e1cca70.pdf
Капецитабин,Капаметин ФС,a6f7d62f-b472-442c-ab07-fd6f704321ab,ac16f89d-33d2-40aa-ab8b-07a9e2121149.pdf
Капецитабин,Капецитабин,831043db-3b38-441d-bca8-1b0093d8030c,4d78dac8-8908-4679-9db6-19f3b9f53586.pdf
Капецитабин,Капецитабин-ТЛ,6998fb0a-9a4c-4542-b5a4-79cbf161702c,5433c43f-5f9a-41a5-b9e2-8ab737cbca65.pdf
Капецитабин,Капецитабин,b0807154-f864-4a5e-809b-ef07b03bd258,55831901-4dd2-4d41-832d-427d7afa80f9.pdf
Капецитабин,КАПЕЦИТАБИН-ПРОМОМЕД,76f3e40c-4c16-431d-8fb9-cb00d92cec33,95d1f0e4-56fe-4604-80ff-b922efb41bda.pdf
Капецитабин,Кабецин,b049ead8-7f2c-4530-b2fa-f5de3979f721,9cec695a-b7a7-4821-8ae1-5a64cd36ca63.pdf
Капецитабин,Капецитабин,c605ff6a-53e9-4eac-9a6f-8ebeef9142f8,a214a173-13c7-4b79-8da4-a69affeabc05.pdf
Капецитабин,Капецитабин,f2171800-4763-49dd-a5ef-71bf7fa36265,b910d07a-b421-4674-8666-5079e71ccbbf.pdf
Капецитабин,Тутабин,bcb2bdb1-57fe-4f84-a479-fad59b726e7e,ЛСР-008789_10[2010]_0.pdf
Карбоплатин,Карбоплатин-Промомед,d45cfbf3-64fa-4d38-a311-5f9c6bea65c2,2e8738fa-be79-420d-9ac4-672f188b1e84.pdf
Карбоплатин,Карбоплатин-ЛЭНС,c3748231-b1e8-43e4-b22e-f5f98cd8940f,474b416a-c2a1-4821-84d1-6fd0562b16a9.pdf
Карбоплатин,Ириноплат,c43c2553-f25f-45c1-a6e0-ece705b5910c,62a76837-16d1-44dc-9a61-90ae8360a0e7.pdf
Карбоплатин,Карбоплатин-АМЕДАРТ,b03d0758-7e52-4aff-ad15-989a546a3118,d74a7afd-b2a1-4b87-b3db-6763696913b7.pdf
Карбоплатин,Карбоплатин-РОНЦ,688f3e4c-05f1-47aa-9257-03d88c221855,d7f3736f-68ca-491c-b6b2-8c011ff93c1c.pdf
Карбоплатин,Кемокарб,6c0454e4-c82d-4755-99db-9cd4df53432d,e309a523-6c72-411e-bfd0-b5c768aea64c.pdf
Карбоплатин,Паракт,17422fa2-05f7-4d54-bcda-e1c5bd71ea79,19517634-5299-4e6e-92f7-eedc35b86bcc.pdf
Карбоплатин,Карбоплатин,60b4b84e-11b5-4d30-9cf5-7a1682e8807d,86eb3de5-e944-44bb-a34f-352475a2edd1.pdf
Карбоплатин,Карботера,486b5042-3f70-454d-bdcc-bb36878fa792,c782f9df-f891-49af-808d-7cde7582422a.pdf
Карбоплатин,Кемокарб,40ea17c7-b2e5-4817-88aa-0fbdeca4c2b7,e2e1c391-a5e9-4d49-b98f-1a82b4414580.pdf
Кармустин,БиКНУ,a87f8bf4-c9cf-4581-90a3-cf037a953518,d9de5e80-5158-42b7-a51a-6d414cda6a5e.pdf
Карфилзомиб,Карфилзомиб-Гленмарк,376755dc-7fc2-4c40-a18e-99569e91b262,3d40a6a9-46e2-410b-bcb7-12d6c571e2c6.pdf
Карфилзомиб,Кипролис,e5535812-81b4-4643-b41e-9f0e6161a91b,8ff91800-8349-403e-932e-356adca29b1f.pdf
Карфилзомиб,Карфилзомиб Дж,940c6e3c-3c65-4abd-8620-6224d3d710b8,baf394ec-4ac1-4a45-bb65-46a2915ba90f.pdf
Карфилзомиб,КАРФИЛЗОМИБ-ПРОМОМЕД,0c7f92f2-f553-48dc-9c45-c3d5724d9c9a,28e6ed01-7f00-4365-b008-2a7d8e582e61.pdf
Карфилзомиб,Кипролис,b1daf22c-c5c0-4ec5-9e15-6deb80e5e98c,72174287-4b9d-44e5-96a4-6e57b8622671.pdf
Кладрибин,Кладрибин,e25edbf7-1a52-4158-807b-f1da77511d62,716f07ea-93ba-48d2-ba2e-f2b2dc1fdbd1.pdf
Кладрибин,Кладрибин-Промомед,c14fbf2f-9927-4aa2-8d0f-3a0ad462b741,a4fae48d-4823-4e50-8ab0-38f0a86d030e.pdf
Кладрибин,МАВЕНКЛАД,2a47f277-5cb0-4296-b793-f4d1324e9928,f3efdb01-aaa9-48c5-bb39-4a86f21f6158.pdf
Кладрибин,Кладрибин,ca5ee271-1640-4eee-b5a0-477519e2e9bd,1c8a1de8-2c2e-45d0-bfe5-a9a84f3de49a.pdf
Кладрибин,Веро-Кладрибин,d3569c63-6a08-4e64-a5e8-ecdc48687296,69536c9a-8151-4775-be12-7cff93957f83.pdf
Кладрибин,МАВЕНКЛАД,c3d1128a-7d95-47f0-b34c-734a07f7e3d6,e6071ba2-1169-4abb-b944-a9c26c0dfad5.pdf
Клофарабин,Клофарабин,63baacee-6733-4a44-bd99-39bb9afd78a9,327fb6f6-ffbb-4ea9-8860-18704dc99cfe.pdf
Клофарабин,Клофарабин-Тева,2ba7b0b1-53f5-46c0-ae2b-42f98736d179,59fdeaca-13f8-4c7a-b70b-3be810675e33.pdf
Кобиметиниб,Котеллик,ea023dc1-4be5-49d8-84a4-c4c603a40bc2,f3e17ab8-a3c7-4ec5-8f28-6bc1208f7ace.pdf
Кризотиниб,Кризотиниб-Промомед,934c19ca-e4ed-49b6-8e1f-cbb4b5d15fed,a013e24b-627c-446b-b783-02860664ffca.pdf
Кризотиниб,Ксалкори,d9f40955-e99d-4f68-9b28-93b36013b7de,fd56adc8-368e-46c8-99d4-b38c7fb7b164.pdf
Лапатиниб,Брестокэр,c74e3adc-c313-4056-aa04-7b5627417144,11800253-9df3-413e-b27e-5b2106b8b0fd.pdf
Лапатиниб,Лапатиниб-Промомед,997c6672-141e-48a6-85be-b89026681643,2b968068-b738-464a-b795-11119b68788d.pdf
Лапатиниб,Тайверб,cb79e8fa-74e9-4a04-8f23-ce6daec7cd7d,9d770427-1d0c-45ba-90c5-a4f771696009.pdf
Лапатиниб,ЛАПАТИНИБ,1e2b0610-4b4f-4dcb-b15d-9bb1147e3c97,e29e73df-f124-4591-a5d7-461a6184030c.pdf
Лапатиниб,Апалатиб,a8fd39e9-c80e-42ad-bf44-56a9727582f1,fe7eaf4b-f0ae-4f41-bc33-3e5992b781ac.pdf
Лапатиниб,ЛАПАТИНИБ-ХИМРАР,8db65e72-9ee2-4929-8cbd-09fd63131bed,a5dd3a93-88fc-49bb-b216-ae5f6054e018.pdf
Ларотректиниб,Витракви,410d0076-c8ef-4283-8daf-ddcf9aa52343,a131a452-9ca0-4830-92e1-811e372cab87.pdf
Ларотректиниб,Витракви,1c105702-bc5b-4663-9326-0a416cbc8b0d,d550a00c-4ce8-4faf-a77a-12e1d29e2634.pdf
Лейпрорелин,Элигард,e1bfc9e8-3cc7-445b-90cc-a137275625f7,3bf46a15-e41c-421a-852e-72bf719b6423.pdf
Лейпрорелин,Элигард,8832cff2-b66c-44d5-99c4-4dc730361893,39fc0064-e4f7-4129-b3cf-620daaee740a.pdf
Лейпрорелин,Люкрин депо,8fccf8cd-07c5-48d9-adad-994d6cb9aff1,694528ad-c301-40a1-8c1c-45995dc779e5.pdf
Лейпрорелин,Люкрин депо,d1f17bcf-322a-4580-ac4d-3ffa9f8b49c9,8861352a-0b46-4730-ac11-bb2f0ea51c3e.pdf
Ленватиниб,ЛЕНВАТИНИБ-ХИМРАР,7be8e51d-c810-4718-865f-c24e75eb51eb,05826418-0641-4f00-a538-fd25ff10127e.pdf
Ленватиниб,ЛЕНВАТИНИБ-ПРОМОМЕД,f0002934-6f68-4a8f-b62a-53a60c61129a,34836b15-ff71-46ad-aa0b-7609f2a11d71.pdf
Ленватиниб,Ленвима,3079f95a-d630-4281-8897-5c02144d7b28,b4ddd407-fdc1-43b8-9f02-40ea369ac963.pdf
Ленватиниб,Ленватиниб,33828f4a-ff73-44a1-a0c9-6c2c05a1c41b,713783d9-d5ab-4afc-987d-e05191ee8948.pdf
Летрозол,Лестродекс,86322c19-b78d-489b-ba25-13b59d663f2d,7de889de-6b82-47a4-b4f9-f45b70f5864c.pdf
Летрозол,Эстролет,b767976a-c0aa-43db-aa27-b37777c2cde4,d170f264-ff86-4e71-8857-d86e7e9cf8e0.pdf
Летрозол,ЛОРЕТА,82608235-f710-4f1c-842a-8f7ee6d6df96,d5b167de-1ca3-4898-90fb-b1272b71c4e7.pdf
Летрозол,Летрозол,ad9b34bc-3c8a-46be-a09c-8e77ab5331eb,ff99fd1e-3f09-4d6f-a605-7979a543ba5b.pdf
Летрозол,Летзол,2f3ab50c-8baf-439c-a789-225db3b165e5,22ac98ad-c5af-483a-8ad8-c40d6b2e3abf.pdf
Летрозол,Летрозол,7ebb2335-93ae-426a-9747-2872e1d1dfba,49800c1e-dc85-4bcb-ae9a-e2309118df51.pdf
Летрозол,ЛОРЕТА,223c9be4-f939-4e08-a1a6-bcb468ef65e5,525f1f74-b07b-4b07-8436-73ef1fa53248.pdf
Летрозол,Летрозол,714d072c-a39b-4dff-92d9-48d01e66a2bb,82acbdf7-c66b-4306-82cb-8fdf82ae30ca.pdf
Летрозол,Летрозол,bcb86aff-c26d-4d6d-b3a4-4e90d5808e1f,ЛП-000179[2016]_0.pdf
Летрозол,Летрозол,4228f9df-df82-41d4-9f87-cd86d5bdc10f,ЛП-003028[2020]_0.pdf
Ломустин,ЛОМУСТИН,a104cfac-dd0c-4d20-a4a7-525c2db38417,a9494a58-9133-450c-b578-76064583edd5.pdf
Ломустин,Ломустин медак,5be0aaa6-7de4-4a91-9da6-2dbb4fc37ca7,ed28daff-9697-4b1e-98ab-2d9fe137f7ad.pdf
Лорлатиниб,Лорвиква,65a7f3ed-650d-4ce9-9d7d-1444a0147690,346aa570-9516-4bf5-9759-582c5de033d3.pdf
Мелфалан,МЕГВАЛ,a4194d28-6f3a-4554-90fb-d25d8b015f17,41a0938f-ca39-48f1-b16d-5b9026b171d1.pdf
Мелфалан,Джаларан,39efcedb-6e1a-4144-acca-e4463a264774,59e44348-67ae-49e1-812f-82f3841ab42b.pdf
Мелфалан,Мелфалан,d0d3fcce-cefd-46b1-ad20-e6911d08fc19,4cfa279c-85e8-48a3-b8f8-ebd83f4ef4d4.pdf
Мелфалан,Мелфалан-натив,d6e5e538-f6e2-4216-9676-8da27b5b62e5,631adecd-ff8a-4026-888f-22eff81657a5.pdf
Мелфалан,Алкеран,9dc51f9e-57ab-424f-b5de-db9df1e824ab,89e4c803-1f11-4c56-b4e3-7b3a192cdcc0.pdf
Меркаптопурин,Пури-Нетол,8c4ec42f-f5ae-48e1-b51d-3b15301e9018,0c0fb080-2b87-42d8-bd40-aa331c3bd4c4.pdf
Меркаптопурин,Меркаптопурин,7456c522-2dbe-4ebf-92b7-772af9342ea6,e0fcf22f-cade-42b6-b6a1-ce57cab09f3a.pdf
Меркаптопурин,Меркаптопурин-натив,b74f66c5-6a62-4195-838c-5aa88afef9cf,e1654513-73da-4812-a990-4850e516a992.pdf
Метотрексат,Метотрексат-Промомед,be8b4486-de9d-41d2-a010-d57627267b10,19da18aa-081a-4647-b817-7ef552ecec9a.pdf
Метотрексат,Метотрексат,ade3a785-90e1-4fe9-8df6-d5fc64e8c4b6,5119bfb7-9fa5-4b9c-9629-286070611e05.pdf
Метотрексат,Веро-метотрексат,1dd88140-cf5e-4f9b-93cd-50e4d9588259,89b74113-e0ed-49ef-b713-e26d6668317c.pdf
Метотрексат,Метотрексат,f8211611-87ab-424d-ba38-07a3f75c04bd,91fd624a-5296-4439-b7cd-92ae610a3e47.pdf
Метотрексат,Метортрит,164d094a-1d50-46cc-a2ef-482857414d27,ca1d437c-e004-4b16-ad92-37679984cfa8.pdf
Метотрексат,Метотрексат-РОНЦ,fe60eb53-c30c-40cc-9984-11c59d543f59,19a32cfc-49dd-43d2-902a-727fe66ea902.pdf
Метотрексат,Метотрексат,e83d6538-2714-4d9c-a09a-df6df4e5a411,5137b93f-2dd9-41f1-9a88-f0d9acbcc979.pdf
Метотрексат,Метотрексат,8f5c559b-a7cf-48ed-afa5-791b44eb7c10,706b353f-e115-46d5-8f87-61649e471cd9.pdf
Метотрексат,Метотрексат-РОНЦ,0f1ca4f4-7407-4900-85de-e873e382f622,bbfebb03-1f9f-4b9d-8ef4-6d9a18f7b90b.pdf
Метотрексат,Метотрексат-Келун-Казфарм,7baee6d2-db62-4671-9e90-65a4b6519150,ЛП-006294[2020]_0.pdf
Мидостаурин,Митикайд,34a6b506-66d5-47bf-ac59-aa4c92081b63,88da24a7-9507-4e4b-8c85-90de4bb53476.pdf
Митоксантрон,Онкотрон,647494bd-ef3d-4990-981c-e38948cb82ab,052f5bb4-8023-4ae4-b7fe-665586b10796.pdf
Митоксантрон,Митоксантрон-ЛЭНС,80d160b1-9aa6-4a8d-8615-0c5d3c6bf951,Р_N000458_01[2020]_0.pdf
Митомицин,Митомицин-ДЕКО,b1b4f568-344e-49c7-8435-27e2ddad1a66,2819cbbc-b4ab-4172-a4f6-8c34de38dcaa.pdf
Митомицин,МИТОМИЦИН-ПРОМОМЕД,f6299125-e588-43c5-950d-0b712844bba6,8f6b016c-36e6-4992-b186-edc71678da41.pdf
Митомицин,Митомицин,80dfb415-1ab4-4d97-8efb-4730c2d41530,de648f3a-e31f-4231-b4ef-da494a036e65.pdf
Митомицин,Митомицин медак,a1f836bd-4fe1-4a5b-a5c4-58ec2d31bcea,e727874c-3ddc-4f3c-8f3f-d7f7279fb867.pdf
Митомицин,Веро-митомицин,d432a6fe-bbd9-41c1-8c40-0f2b8ce48c4f,Р_N002367_01[2003]_0.pdf
Неларабин,Атрианс,61f30f87-c0db-481b-8dc5-6aa279959200,cec8bbdd-8e52-4a9e-ba2e-1b287b7aec65.pdf
Ниволумаб,Опдиво,585925f2-b1e3-4191-a15a-481407dd9666,5caffe56-b932-453d-977d-f7a22a897703.pdf
Нинтеданиб,Варгатеф,34efc887-a657-4b4c-b61c-ac83c8a48977,40fe1e62-3583-4304-b677-394251805cf3.pdf
Обинутузумаб,Газива,f27c4569-81a9-40e1-af36-26c9ed3df22d,1910d85e-639d-493e-855d-aaee8138753c.pdf
Оксалиплатин,Оксалиплатин Эбеве,bc57cb00-a6c2-46a0-b1aa-941ba2e09c5e,3769e5af-03ea-4d7e-865e-572ebefb0df2.pdf
Оксалиплатин,Оксалиплатин-Тева,2632aab0-d993-4e85-9415-da0f4eece86f,4d558783-618f-4016-8a62-3ccf0cd5f68b.pdf
Оксалиплатин,Оксалиплатин-ДЕКО,16b0a806-121e-451e-802a-e8c2ae4778d8,4eef659c-acaa-447d-9d5e-c5763ded6e45.pdf
Оксалиплатин,Окситан,1c74c4fc-2d23-4081-8b3f-7fdde9617b5c,6fe719e7-40c0-4b0a-934a-d18c0a8fac94.pdf
Оксалиплатин,Оксалиплатин-АМЕДАРТ,2dc97809-59e4-484e-a3f4-37ebbeddcec8,94da071d-2726-4569-84a4-57ffbc68fcae.pdf
Оксалиплатин,ОКСАЛИПЛАТИН-ПРОМОМЕД,daed4bdb-9fb2-401e-a575-5057fa67aa07,ee3f284b-4265-41a1-8d8b-d19291c6abbf.pdf
Оксалиплатин,Оксалиплатин медак,5da0d645-73e9-4e11-8fb4-58e4c9951be1,f5495661-07ee-4066-898d-fe097cb00741.pdf
Оксалиплатин,Оксалиплатин,a3a63d37-b42e-4920-8673-f0795553c6a6,f6ff49ee-5080-436b-b940-50baef0c17d6.pdf
Олапариб,Линпарза,342c1332-c6d3-43b3-a234-97583e35158a,08024694-409e-45d8-a0e5-c265c2ce9b7b.pdf
Олапариб,Линпарза,76f8a21b-d7c9-46ec-a491-ca60b0852abf,043a3b0b-63af-4ca7-9a0b-64c99e9e93fa.pdf
Олапариб,ЛИНПАРЗА,e1fa5997-ff45-4be8-85f6-99592a573bf3,64cc287c-e8d9-4cf4-a863-f3a3f6a390ac.pdf
Осимертиниб,Осимертиниб-Промомед,7d282554-c255-44ef-adbd-39292a2e7ce3,4ab69a20-0bf0-4c75-8270-b80126e007d0.pdf
Осимертиниб,Тагриссо,0d0dcc34-db37-4fa7-8f9f-150a44af373e,1e1a1e20-90b7-4ba7-96e5-b8c6b818444f.pdf
Осимертиниб,Осимертиниб,aeff49ef-af5d-4663-b5a5-f07f26cb3273,a49c2b23-5b05-4260-8def-9b700227d1a3.pdf
Пазопаниб,ПОТАРБИН,6cb43152-3004-4b74-97d8-d06e08e0567a,8aa63875-0a02-4580-b740-1db101541d65.pdf
Пазопаниб,Пазопаниб,f0a3a603-f3e2-4018-a411-3a1ea08ed92f,ac6472c4-b009-4db6-9caf-4c8ed52be99b.pdf
Пазопаниб,Пазопаниб-Фарм-Синтез,f2e6a666-c0ca-4e9d-87c7-ba28d816a469,d9d3d3ef-6d3b-49ad-9210-e3345938f4ad.pdf
Пазопаниб,Пазопаниб-Промомед,cecfcc13-cf8b-4d6b-a500-63c8d1d68101,24852c65-eacc-4af4-b843-c1bc534e5518.pdf
Пазопаниб,ПАЗОПАНИБ-ТЛ,0af2ff63-178c-4f09-b7a1-eb13ab991e69,63f0bc3f-6216-4dd4-91c5-052e691e148e.pdf
Пазопаниб,Вотриент,cc06be17-de50-43d0-b374-6585b970f3ad,67978c8d-b0f4-4239-8070-58d05c9e39cf.pdf
Пазопаниб,Пазопаниб,848f5a8d-39f8-43e7-a2d4-d399e009d766,77e8d47f-3ae7-4a18-9f71-f4b1f702ee37.pdf
Пазопаниб,Амезопан,0c89d9e5-4a8a-4eb1-bff2-7fefaefdcb05,c744b69d-d2b0-4774-a3d7-3f819adfa407.pdf
Пазопаниб,ПОТАРБИН,7469f04c-9734-4ac1-9ed1-80353d460fb7,e858f2a1-0455-459b-8037-8dff52664341.pdf
Паклитаксел,Паклитаксел-Промомед,c53e62d8-32ea-453a-a5d4-ed0b245e278e,08d41e4f-aa9a-4b0e-9d72-80eb828106b4.pdf
Паклитаксел,Теватаксел,d67fd9dc-97b2-4256-8bb9-6215e7d89b68,162c4915-70a2-475f-b9cc-7fae3be9d682.pdf
Паклитаксел,Паклитаксел-ЛЭНС,da6db93e-9402-4360-a4b0-defa4630a69c,17544a7f-03bc-4487-af70-7d6fa247674f.pdf
Паклитаксел,Целиксел,04d63057-3571-4611-b28e-1712efbb4dc4,30fc2696-1363-4672-9a9b-48bd3e4198f5.pdf
Паклитаксел,Паклитаксел-Тева,6ca5d2ff-40e5-4844-bd85-0370f173b433,4923f627-af02-4be8-ba79-acc4438c061a.pdf
Паклитаксел,Паклитаксел,eddcebbd-8ce5-4d27-807a-d786a6be713e,6c41c738-141f-4abe-8825-6e8bbc6338c0.pdf
Паклитаксел,Паклитаксел-АМЕДАРТ,11e071d9-e3f4-4199-9165-f71d54d0cc52,73eb129a-9ec1-454c-808d-6ccd86108c88.pdf
Паклитаксел,Паклитаксел-Рус,2117bdd7-a73f-4042-a062-380e89a54d17,8a1136c2-635d-4f22-af0e-df25259f0c2f.pdf
Паклитаксел,Паклитаксел-Эбеве,d7411ea6-8b44-46e8-bfac-0e9c51bb6a24,fafcfdbd-581d-4f2b-aacb-de10ce33a835.pdf
Паклитаксел,Паклитаксел Эльфа,477e39d0-f3bc-4acf-8143-116adff16dd9,4a901ff4-bf0f-4030-a963-a77db456480b.pdf
Паклитаксел+альбумин,Абраксан,0f602a63-b554-46b5-92a1-26160f8250b4,83856646-a5c1-4a24-93d4-4dbc55f98f0d.pdf
Палбоциклиб,Итулси,48b45635-5e13-4dd7-a915-7b9e274e0aa8,453e16f8-6096-48ec-9026-5c4ce356f54d.pdf
Палбоциклиб,Палболиб,44ee1330-7232-4b08-b4e2-3cfecde1d1b5,8a51c5ca-c96e-48bc-8dca-223a146c7cdd.pdf
Палбоциклиб,Палбоциклиб Фармасинтез,7ecf2388-7cc2-407b-b18f-f409df35cd31,8d76d218-d2ca-4bb8-9e8a-c1451bc862df.pdf
Палбоциклиб,ПАЛБОЦИКЛИБ-ПРОМОМЕД,db1a1819-f9f6-42c8-853a-27fa13714e1b,a0d82047-92a4-42b9-9201-25af94ff07c8.pdf
Палбоциклиб,ПАЛБОЦИКЛИБ-ХИМРАР,eb62e45e-97a8-485c-829c-359752c58804,da1b22fb-fd13-4035-b226-6eac7a7fe686.pdf
Палбоциклиб,АЛЬБОЦИФ,92ce787f-361c-4786-8ab6-db0e0d0eb4a6,fc8e9328-1ec6-4c2b-89ee-fbc2a7ed6fa6.pdf
Панитумумаб,Вектибикс,64d41532-1139-4cf5-b178-2e33d40be968,155fc24f-e149-4e96-8eaf-0fbc77629ef6.pdf
Пембролизумаб,Пемброриа,696d820d-7a20-4bbf-b319-06c6dbd5f110,50231315-f1d0-4233-8863-581067987aeb.pdf
Пембролизумаб,Арфлейда,64064625-b203-47cc-9ab1-f41497210f6f,5e8ea2fb-d3de-44d5-a949-465dced0b055.pdf
Пембролизумаб,Китруда,fbb58f31-939d-410b-af2b-6b7eb80d7880,bf125337-2b12-4fb1-a07a-ddaabff42bb8.pdf
Пеметрексед,Пеметрексед-Промомед,fa7295a1-d169-452e-9c48-3b34bd5136b1,05942353-d2c6-47ba-9559-faca8cee6cc3.pdf
Пеметрексед,ФОЛИТРЕКС,7c461f81-4c64-45ad-8d5d-e9cfc47009b8,3fe70194-7002-49b0-ae26-4dfb33cba324.pdf
Пеметрексед,Пеметрексед-Тева,86219552-3278-40e5-a967-9e6f24760ea5,881352c6-3833-4bc9-9e34-52cd2d615deb.pdf
Пеметрексед,Пеметрексед-АМЕДАРТ,af8b08fc-12db-409d-82f9-aa339f25f339,d40f396b-805a-497f-94f8-31447f009a76.pdf
Пеметрексед,АНТИФОЛАТ,7602e770-f057-4fd6-95a5-53ffcb2811b0,d6ea5c56-4f86-4073-bca3-2d183860c7ab.pdf
Пеметрексед,Пеметрексед-Рус,4fc29bd7-42ce-4423-9589-752667ee4a55,e37bab96-bcd8-46c2-a372-6490094762a4.pdf
Пеметрексед,Пеметрексед-Келун-Казфарм,01f7b359-144f-448b-b5a9-139aee9fc104,1bf8daee-0beb-4d28-9ce7-d5d3d8ca0142.pdf
Пеметрексед,Пеметрексед-ДЕКО,cebb6a3e-4ed4-44c8-9e5c-5cf25f86b7ae,40e734b9-31f5-4ce4-834d-6181668ac4ea.pdf
Пеметрексед,Пеметрексед,d74b06b6-99ca-45d7-b0c4-09b810bf5883,62bf3811-3575-406b-9ce6-c642431e7e60.pdf
Пертузумаб,Перьета,abc945ca-5c79-4b7f-ad04-29425fa64fe1,77e6c4bf-cdeb-43f3-a691-70282291c802.pdf
Пертузумаб,Фесго,4ada3517-d0de-4836-b3c1-e38d585c7645,8709d2e9-8a9f-4a27-a2c8-2258352d112c.pdf
Пертузумаб,Фесго,72567379-1f5a-4ee9-aa7b-3026e22c6072,bd1433a2-c290-4ca4-b4e6-5160fcaec66d.pdf
Полатузумаб ведотин,ПОЛАЙВИ,fd04ee9c-e622-40ba-98be-1fdba3f38963,af8562aa-1aa3-46c9-ad1f-3afee6bd5e00.pdf
Понатиниб,Айклусиг,a94cb9ed-0030-424c-81dc-6b3b84b00326,c0728c3f-70f8-4d53-8b0e-09f09ddcd610.pdf
Прокарбазин,Натулан,31e0a561-6f89-4004-81f4-0227614abd9a,edcdee6f-56cc-48b5-a9a9-0c8264918cba.pdf
Пролголимаб,НУРДАТИ,6b395339-1416-4ecb-b848-7eb0a433fe78,b0ae19a6-ef5c-4113-94c2-db89ea658279.pdf
Пролголимаб,ФОРТЕКА,594e2ef6-ca2a-40c5-a8a0-3a68cff1e875,84eacfd3-b1d1-411d-92b9-01da55711f0b.pdf
Рамуцирумаб,Цирамза,2866098e-9d58-4547-8836-2b2421beb6cb,8b1d78df-4505-4536-87db-efd465f42cb3.pdf
Регорафениб,Стиварга,012c6d87-ace4-491b-a0b2-e3a2be31168b,41c611c1-9a35-4825-99a2-9eedfad65471.pdf
Рибоциклиб,Рисарг,ce1a169a-49b1-4da7-89ae-709a87b795db,83506716-f1c9-4d58-bfd0-6cf010f78c1b.pdf
Рибоциклиб,Рисарг,6872a6ec-4d87-499c-bfaf-5dbc33878e9a,98359196-844c-42bb-b86d-5a392a4bdfdc.pdf
Руксолитиниб,Джакави,75c5c6a2-73d6-4934-baac-5150388c9218,91535d1e-b788-4bb8-a30b-34015214dfef.pdf
Руксолитиниб,Руксолитиниб,6674ed50-3822-4c8b-a293-8ccbd0d7314b,a614f366-4a9a-42d5-b807-ef35960a552e.pdf
Руксолитиниб,Руксолитиниб Фармасинтез,7b5fe396-331f-4343-a322-2461f6100cfb,fca3460d-841d-4cc3-891c-a317fcff82ac.pdf
Руксолитиниб,Джакави,1f52d722-b639-4dfb-abce-4ddb204967a8,4bf4f854-82ed-42d1-80f7-7a38b0bd9be4.pdf
Селуметиниб,Коселуго,f9d3d2c6-8202-42ee-bb5b-c7f666658c27,58e1c912-61e1-4f0d-9231-aaca5fa6fcca.pdf
Селуметиниб,Коселуго,e71fa893-804a-4b93-9ebe-0b653c7471d2,e400c0ab-4963-479e-b740-7cd4fbf2366b.pdf
Сорафениб,СОРАФЕНИБ,ff64342c-353f-42a8-bf37-8a78125e8bde,058b4a4e-05a8-40f6-9b59-9e06c6aa4691.pdf
Сорафениб,Эффароникс,6ad05a24-e81d-4bcf-a02f-b488b366e6d9,282b5124-fba3-44d2-becf-7fbb613b9c3a.pdf
Сорафениб,Сорафениб,fab4bc4d-361f-4ab1-b0d9-43eeffafcd71,c999e262-623b-4618-a24c-4671c679157c.pdf
Сорафениб,Сорафениб,523e87d6-8c99-4057-baa7-34bb02e98bc7,f8c9a86a-ddfe-41c4-8816-34f74a5fbedb.pdf
Сорафениб,Флутриксан,9d7afdfb-75f8-4ffb-bd00-7e5bfea5cd2d,1fd53947-f378-4830-b4fd-fa3baf03637d.pdf
Сорафениб,Нексавар,7125e559-d33f-4f69-b4ee-82b8e08cefc4,39893e0a-7b8e-4bd7-b467-345a0611f5f6.pdf
Сорафениб,СОРАФЕНИБ-ПРОМОМЕД,91fe9fc1-7b86-4e40-896e-ac7b169ec197,b838edba-8ceb-48b4-8ffc-da910080cb8a.pdf
Сорафениб,Сорафениб,095f322a-0b60-4090-83b0-5e5a69183a15,c91a4cf7-3b84-467c-9b87-f97365e2b03a.pdf
Сорафениб,Сорафениб,c85bd9ca-3852-4e0b-9f71-2ec21909dd14,c96d6c5f-b598-4756-b7d4-e12da22b7611.pdf
Сунитиниб,Сунитиниб Канон,fa70ca42-4392-4013-8272-fc58ce3fabe2,3b487ef4-62cc-4704-b4f7-7253a90838b7.pdf
Сунитиниб,Серкотен,3bf0063d-dbb3-4f71-b037-d7dca9d52822,7bddce3d-2673-46ef-9b99-579cc9e8fe08.pdf
Сунитиниб,Сунитиниб-АМЕДАРТ,be4e86c0-f152-439d-9ed2-735eac4d4be7,95223f0b-a718-4cab-8d1d-a2cf9fe1edb5.pdf
Сунитиниб,Сутент,46a044f0-34a4-47af-bec1-337856b1c7ff,99c20743-7c79-43b7-ab87-2033608995a3.pdf
Сунитиниб,Сунитиниб,d2a4461e-6669-49ba-895d-94af277c4a8b,ccd3b3af-46a7-4d88-a4b3-5d3d983bc4fa.pdf
Сунитиниб,СУНИЛИФ,0a6931ae-cee2-4e96-8706-ac5ddce9204a,f881b79b-7bb4-4140-ba9e-ae1f8171519b.pdf
Сунитиниб,Сунитиниб,cf91b82e-dd0c-41e0-a471-8ca634648689,2c2bb1c9-030e-4876-afa4-19be4dd0591a.pdf
Сунитиниб,Валеотиниб,66921617-61da-43e6-9f09-099ad22e6a8b,8f62cb2f-a914-4ea9-a72a-c750be96817a.pdf
Сунитиниб,СУНИТИНИБ-ХИМРАР,a1cd6c86-6f8e-4c43-99d5-d1e4719be49c,9a4045eb-5100-4126-92c1-ce467e526ecd.pdf
Сунитиниб,СУНИТИНИБ-ПРОМОМЕД,d501518a-6215-4208-bdda-6bfcdeaebc13,ac1f959f-2fa1-4e2b-85ab-8b8de3ad3b6e.pdf
Талазопариб,Талценна,8fe8ff58-0dd2-4d78-aece-bc1aa92e8759,2e778dc3-f7f9-4440-8855-723779686370.pdf
Тамоксифен,Синфен,52f697c2-3a81-4891-8e7d-254639f4c2f2,2368e6d2-117b-4f8e-81b8-197d7a5be7da.pdf
Тамоксифен,Тамоксифен,804c91b7-084a-48f6-bf72-f95c8458975a,b57b7e09-a3fa-4540-89c8-2370c68fc0a2.pdf
Тамоксифен,Тамоксифен,00b17718-6132-49a6-9aea-b2e207c63e64,3839f83f-687a-4482-b2e2-b82392f5a19c.pdf
Тамоксифен,Тамоксифен Гексал,6261e26a-7f49-44f9-95c5-135f6b119d9e,403f8c55-e8b5-4f27-9171-cb66821ce157.pdf
Тамоксифен,Тамоксифен,ae7f59b0-096f-4853-8283-5fc8b1b639f9,662f246e-86b9-4c4f-b7ad-79b90e23037e.pdf
Тамоксифен,Тамоксифен,88df0d40-8a99-4e38-82e1-bd14c5bcb26c,77f8dcb3-2e34-484b-bf33-0ac58e1b19c2.pdf
Тамоксифен,Тамоксифен,3d7845b8-a06c-43de-b800-8f19aff4a74e,ae7ded6f-9bf9-4a45-beb7-455d0e92cd04.pdf
Тамоксифен,Веро-тамоксифен,3b21f2da-d8f7-453c-bb90-492d8e88d869,Р_N001859_01[2010]_0.pdf
Тегафур,ФТОРАФУР,7e657353-604f-4aca-b26c-e876d0860829,61747448-2de5-4e05-a379-826ed7b340d3.pdf
Тегафур,УФТ,0788d256-89bb-4d99-a14b-fa1d6f5354e0,e65ed17a-530f-43f5-bf58-1d6578f3cb1d.pdf
Темозоломид,Темозоломид,aae31669-9059-4eb9-b65e-6dfce5bcd5d4,0ab10994-f38d-40d4-82dd-d60f9d90c928.pdf
Темозоломид,Темозоломид-Рус,65dbf9ca-7659-455c-9ecd-de241ab850d2,4e97a34f-bd85-438c-a8cf-c59bc9320b9c.pdf
Темозоломид,Темозоломид-ТЛ,c0cda131-6ec0-48f7-b993-782831d9723b,59ca63e2-7eea-44ab-abc6-d393c70d5d88.pdf
Темозоломид,Темозолекс,491d9641-295f-40de-a32d-33ccd5fb9d30,6773483d-8792-4636-82b1-eeab282b1139.pdf
Темозоломид,Темозоломид,b16fa93c-f21d-4ceb-a231-da93952cb7f2,89fa6aeb-26fa-46bb-b308-18befec405bd.pdf
Темозоломид,ТЕМОЗОЛОМИД,79506764-837b-4998-a6b1-f5c1f8e63d45,bccd4f8c-2029-4bed-8a34-0d9f9458274a.pdf
Темозоломид,Темозоломид,d71e6b29-5fa0-4dae-b933-dcee08009244,d7fd86c8-2366-49fd-962b-85bf02b721d0.pdf
Темозоломид,Темомид,b6f327be-2933-4309-8e56-e23fc56a891f,ЛП-002108[2019]_0.pdf
Темозоломид,Темомид,b32c50ab-a4ed-4366-aa82-7be42bf766bd,ЛП-006759[2021]_0.pdf
Темсиролимус,Торизел,14c52fd2-450e-4613-b0ec-7aecbd6b2712,49fbb299-66a9-444b-9d6a-f35dedaea8b7.pdf
Тиотепа,Тепадина,adc2cc1a-ef4b-4d3d-8144-c3ce50148288,1b45a498-9e9c-4028-8332-a8fff21fd722.pdf
Топотекан,Топотекан-Тева,6cd0e22b-0df2-40b5-9d57-d42c6cb62ebb,01042076-dc5c-48e5-bf7c-2c4fc88202b0.pdf
Топотекан,Веротекан,55a02ef6-8441-434c-847d-88293ea8c5d8,ЛП-001537[2021]_0.pdf
Топотекан,Веротекан,2cdfa374-2042-43ae-8209-73e5a9a3359b,ЛСР-002912_10[2021]_0.pdf
Торемифен,ТОРЕМИФЕН,2b402e1d-484d-4e41-9e68-471bafd85d79,089d004d-a376-4711-98f2-08d64acab434.pdf
Торемифен,Фарестон,889fe4a4-ca96-406b-b480-d7b98e0d01d4,П_N014925_01-2003[2003]_0.pdf
Трабектедин,Йонделис,abc18c75-60ae-4278-a726-8bf1d125ce2a,361a8c98-12ad-4e4e-94b6-3fdb7cb569fe.pdf
Трабектедин,Трабектедин-Тева,b9ea26ef-20bf-4986-be71-77f955bbd31a,85f92672-f68b-4407-9ce9-c9fd21cd5baf.pdf
Трабектедин,ТРАБЕКТЕДИН-ПРОМОМЕД,12ed1c36-d150-44bc-b0e1-fb74f9c4c9b5,f323f543-b37e-4769-8354-2338ef240d59.pdf
Траметиниб,Мекинист,f50088e4-da10-4145-854d-175d90a725b0,b804dc18-0f2b-40e0-abef-0d85b687b0c2.pdf
Трастузумаб,Герцептин,123c5b08-27af-4cff-aceb-3de6a1ebc123,033ccbd2-1d45-4563-8802-6233ab9b8896.pdf
Трастузумаб,Тразимера,a70adc57-728a-49dd-9504-7d82938d92a6,24ee75c2-f4b0-4083-a690-c8ad9c4a9ab5.pdf
Трастузумаб,Герцептин,bf1b195f-4f33-46b8-9fea-cbe185903709,2cc55c92-f778-4860-a05d-cfa86fe48d51.pdf
Трастузумаб,Герцептин,e68ee04a-cb03-4f19-b9fe-65734c7dc724,62f81b96-a092-42da-8afc-2a572384ba2a.pdf
Трастузумаб,Трастузумаб,c998ca9f-2073-49e8-ba83-6d503e16ecb1,6a725044-abc7-45db-8f09-48bf8732c030.pdf
Трастузумаб,ЭНХЕРТУ,d89e7078-8768-410b-9733-81b165f0d85d,8012d5e6-594d-48dd-8ebd-0fd91ad879b7.pdf
Трастузумаб,Кадсила,feabfe53-030c-45cc-a2c6-e2e07233a920,a967d2ef-a0f1-4371-b71d-0c86e79df628.pdf
Трастузумаб,ГЕРТИКАД,a2bbb2cb-7eba-45a7-bc7e-c1422eff1977,db570ce4-40d5-4079-aa6f-b3d283f69dae.pdf
Треосульфан,Треконди,dc9cb2b7-c6fb-42af-a93e-984ebff272e6,7db30ae8-5c62-475c-be71-b59098642009.pdf
Треосульфан,Треосульфан,24a4de98-9157-4e87-a29f-0a5ea37209d9,e054c8fb-1cdd-4c6c-b600-0be2807c3090.pdf
Треосульфан,Треосульфан медак,23019ae8-75b2-4302-b64d-e47cdd1d5839,ЛСР-007712_08[2008]_0.pdf
Третиноин,ТРЕТИНОИН,2da5ad1a-841a-46dd-a4b2-4d47a987e11a,0b008c37-dddc-4409-bb43-a649469da6a6.pdf
Третиноин,Акнекутан,f2508a91-a387-4837-9fc4-a6df1015cc49,8a7bee30-a071-4c5f-a88b-d4c4832d14f4.pdf
Третиноин,Акнекутан,467cfcc8-36af-4aea-8a45-b30344edfbe8,00b77306-6d48-4803-8f4d-e3f7962b9a18.pdf
Третиноин,Весаноид,9097a6b6-25e4-4961-81cf-a59ed7b0f1e6,1ef702fa-bec6-4ea6-b273-d1bddb6b854d.pdf
Третиноин,Ретасол,30d9bd96-f0a3-4164-bc86-37090af624df,35194f8c-3c3a-4f19-8a15-bd3242f51f3b.pdf
Третиноин,Верокутан,2183cf1f-8ae4-4372-8d72-aea875682c0a,4ca36c8b-82fd-4ad3-9859-fc47d22a1d30.pdf
Третиноин,Роаккутан,8d9d00b5-1ecd-4467-be9d-505a3c74fe47,5de92ab2-83cb-4ddd-b6bf-f8f1a664467a.pdf
Третиноин,Сотрет,cd74be9f-5347-4987-a31b-4f4a17b5aa11,95cadf0d-e462-4130-b24d-088cf9975fe6.pdf
Третиноин,Ретиноевая мазь,863cdc76-49ac-43d8-8d10-92a40d149e1e,ea2739b1-3fd2-4ea4-83b4-83fb0f647e76.pdf
Трипторелин,Декапептил,d5317610-43cf-4119-9ed8-84abab241cec,1833fa72-7447-4e89-b01b-cbec2b1b1bfe.pdf
Трипторелин,Диферелин,6e6cda64-d963-4217-b489-67aecda3f1e8,13ebb6fd-b629-4e20-8ce3-38d9d97acf58.pdf
Трипторелин,Диферелин,a3b157a2-9e8e-46bb-8ae7-c2f72d5fe78f,2a99f7d2-41f0-41a9-b2bb-ff82be9db6d6.pdf
Трипторелин,Диферелин,c14190b0-a248-4afa-baf5-8c4e36088f5e,2c13d05b-00ee-4373-8e58-9eeb7b304442.pdf
Трипторелин,Декапептил,f0e5f7d1-fea1-4b47-b261-c5167bdaeb9a,600b55cd-6386-4fe3-a31e-c9425adb8f08.pdf
Трипторелин,Трипторелин-лонг,ec98be16-605e-4966-88ec-eca014f41915,8d77a521-baf3-4021-9a74-18125c0aa0f9.pdf
Трипторелин,Декапептил депо,2b4394ec-9d74-4cff-acec-54f65f35fcdb,bb6c68ff-16c2-4612-a363-0c53bbf3b590.pdf
Флударабин,Флударабин-Тева,0711e781-62e8-4a27-9d55-d78295c5d3e0,d0c611ba-d69a-4ad9-b27b-7dcdb353425e.pdf
Флударабин,Дарбинес,5450283c-7545-4540-a7a7-8df58cfe1531,d4131792-a076-4ea1-988c-546199da995e.pdf
Флударабин,Флударабел,58124061-4980-4179-9dbe-859d5e1a516e,0d9c91a5-ecbe-4966-b422-570f1f2a0843.pdf
Флударабин,Флидарин,0af1bcf6-a62f-4865-ba92-bb7a3f841f5b,8053f8de-2199-4c5d-b93a-159ec3b26bba.pdf
Флударабин,Флутотера,8b0158be-4276-4cc4-acd6-b2a1a0c61f6b,9c4d6526-0061-4293-9ab6-a3e927537b6b.pdf
Флударабин,ДАРБИНЕС,8ee81b73-a1ef-4bab-965e-c175d633dc13,ce426397-43b7-47aa-97aa-736d4028e81c.pdf
Флударабин,Флударабин,c6168f4d-4090-4ffb-9648-8fa78819d226,e9b196a9-7e99-4720-87e2-2fab06b1063e.pdf
Флударабин,Веро-флударабин,eba563a2-3fd5-48af-a73f-fb162ce9dbdf,f99c3b40-9d8f-4220-80f7-49479c45beca.pdf
Флутамид,Флутамид,09cc04d6-9620-4a84-8751-60ec3c20f382,5555a480-cfcb-4f16-8347-5f95bf8acc9c.pdf
Флутамид,Флутамид,78122196-15f1-4026-bf9c-8040e6d5bd04,2473ee38-a05d-43fa-b4d3-be30e728fb1b.pdf
Флутамид,Апрокан,6d1e4d53-bd97-4bd3-99c1-c78c7ef64c9e,27e7d1e4-9477-41d3-bed2-40814ebe2fb7.pdf
Флутамид,Флутамид-ТЛ,d4264197-aed1-422e-aa2f-ba76df9b5d64,36318113-4443-4123-bd07-bcdfbfe2862b.pdf
Флутамид,Флутамид,9e4b9335-acc5-42b9-8d7e-3346f8b9fd8f,37223ce4-ccc0-419b-82a8-3b05ce227353.pdf
Флутамид,Флутамид,5901e1a3-352c-44ee-816f-ba94a295d78e,bd7c4c91-e52b-4711-b45a-fac9f34ac575.pdf
Фторурацил,Фторурацил,56679d5b-6b11-43e7-af73-6f35eeef8fb6,46a40dab-e4c2-49a6-8085-def8603d5467.pdf
Фторурацил,Фторурацил-ДЕКО,ac655ff0-b1db-41e1-a2cb-a6b173658631,eb028528-0551-4699-8113-a20c7e1f34ed.pdf
Фторурацил,Фторурацил-ЛЭНС,905748e1-f5a5-488d-828d-4a0cc9148ed4,013b6b61-28a5-44da-8ac4-6eb49145139c.pdf
Фторурацил,Фторурацил,43c504fe-c6f5-41db-82d5-0fcc49b33f0b,46a28355-e98d-4824-b819-c0e8aa6f41aa.pdf
Фторурацил,ФТОРУРАЦИЛ,07273bcb-16c2-4be6-aabd-dfed49114418,aa6fcfbf-c4a3-4fbc-a80f-445b61bdd70b.pdf
Фторурацил,Фторурацил-РОНЦ,7234283f-e792-401b-b8fd-4d105bdb19a6,c2f6cf55-47dc-4903-8bca-522bd988750d.pdf
Фторурацил,Фторурацил-ДЕКО,b696de0b-af07-4a14-998a-cb69c83baf77,ЛП-003127[2020]_0.pdf
Фторурацил,5-Фторурацил-Эбеве,80c70bfb-42de-40aa-98db-6aeda682786f,П_N015232_01[2012]_0.pdf
Фулвестрант,ФАЗОТИКАД,48ded627-e4af-4bc6-8d1c-3ecf3b7f3927,59f8d4f2-079b-40a6-b3f8-364ddfa402ea.pdf
Фулвестрант,Фулвестрант-Промомед,e7fe5457-196a-44f3-8a08-5d66134127a8,5ea44b6f-b532-4dcb-adae-f9f0131b3c0d.pdf
Фулвестрант,Фулвестрант,24780707-bd8b-429e-84d0-8104d9a8876f,67f759de-6623-4c3b-8484-f9254b92ed00.pdf
Фулвестрант,Фазлодекс,9484941e-baf2-47e0-b94f-2b2f3f0de6ec,685bca18-37b5-452a-a538-df881a033f42.pdf
Фулвестрант,Фулвестрант-АМЕДАРТ,d4ab2cb3-ac99-4b16-963f-6f3f0255a0bd,ae9e8deb-a88b-4d5c-8c0c-899bdcf597f2.pdf
Фулвестрант,Фулвестрант,d018af8f-cfe3-4a99-8b8d-aac4707870e4,c17113db-1bfc-4a7c-afc3-11a9f64245a5.pdf
Фулвестрант,ФУЛВЕСТРАНТ,19c79a61-1738-49dd-801d-c59ea0f77ab6,e2a7a0d9-331a-4b39-be67-fa21f548c30f.pdf
Фулвестрант,Фулвестрант,d330ec65-c9f2-4af8-b983-bd387b581e8c,1d9524ff-f2a2-40a0-9e69-03be5976948a.pdf
Фулвестрант,Фулвестрант-Фармстандарт,02e51a75-9fb0-42aa-a37b-da5589c2e86f,1e485a73-bcbf-4747-ba8e-a00ee45e40a4.pdf
Фулвестрант,ДЕФАСТЕРА,a5e42822-3231-4ffa-8303-305bb4984b18,26f8e16f-0b72-4f53-bf8e-98d75f164b0a.pdf
Хлорамбуцил,Лорамил,c59ae77a-a84a-4fe5-8502-5d1e0b560443,c9dfa147-d554-4cb7-a31e-222293b89e89.pdf
Хлорамбуцил,Лейкеран,3048cbe4-f2ab-4b8a-8f98-51cdb4878137,П_N015965_01[2004]_0.pdf
Церитиниб,Зикадия,ff87ee79-395c-406e-bd3f-9ca5dd0ad6ef,e73cd371-f022-44aa-bb12-5965e0de41a1.pdf
Цетуксимаб,Эрбитукс,227032f6-8d59-442a-b309-f322a1013f73,12a69dc5-7ccb-4972-a2fd-befb7f1841c6.pdf
Цетуксимаб,Эрбитукс,f60bf4bf-c96f-4f37-afd1-df95f8ef046a,8839d6c0-12f2-4089-98cf-d18417001627.pdf
Циклофосфамид,Циклофоцил,b49f046f-14d7-4cd6-978d-e4cb8d8bbff2,075e07d1-cb0c-493e-9bcd-ffc5177a0ae2.pdf
Циклофосфамид,Циклофосфан-ЛЭНС быстрорастворимый,313d18db-51a3-491e-900e-79fc2725de3a,3dd7aa5a-d207-4bcb-88f3-c026da6e3799.pdf
Циклофосфамид,Эндоксан,8f0f4997-3d76-4349-9489-0bf7f7b4bb10,1163c2f4-b7f7-4670-af01-47b3704fe5c4.pdf
Циклофосфамид,Эндоксан,eb407e13-aa50-48fc-8ad2-48e05d670235,1461b138-22c9-41dd-aa1b-b85cbc864840.pdf
Циклофосфамид,Циклофосфан,73781690-1e06-43b1-8afb-37d8dfb8e5a7,85beb66f-3d81-45f6-b645-aa810a662a6b.pdf
Циклофосфамид,Эндоксан,cc8c311d-6bae-4a30-b1d2-f4e74e5f3644,c4644183-c9f5-42e0-8f71-179c772d1f78.pdf
Циклофосфамид,Циклофосфан,8b05e269-799f-47a4-b6cd-92aa232a5035,ЛС-001048[2021]_0.pdf
Цисплатин,Цисплатин,6930ed87-af29-42b3-9319-4171dc3a4cba,56352471-1fe2-4e83-971f-49f022fe2587.pdf
Цисплатин,Цисплатин-РОНЦ,d92c67a1-42a2-4f61-a5c0-268c015c9993,65e70e23-d229-4b0b-ae9e-45403bbe0aa7.pdf
Цисплатин,Цисплатин-ЛЭНС,434f37c7-abb2-437b-9dc9-48674043c162,e679ba28-7357-4ff4-8756-98962ddf8e28.pdf
Цисплатин,Цисплатин-Тева,4c7dbb3f-f130-4ea4-9006-939fde6ce2dc,fee88f08-59ec-41bd-93b7-1f87b9d900eb.pdf
Цисплатин,Цитоплатин,17bb9eae-59d3-4db5-889b-4271bd07b324,44d7af9c-dd5b-4492-aa8e-b62a5c80d436.pdf
Цисплатин,Цисплатин-Тева,298a9a4c-f9a2-431e-b4a8-1c21a02f34e6,8187bd3b-cf30-418e-a8be-cdc4f66f16b9.pdf
Цисплатин,Цисплатин-Келун Казфарм,5ad92514-946f-4dd0-a37b-ad3b40858b10,ЛП-006308[2020]_0.pdf
Цитарабин,ЦИТАРАБИН-РУС,554e1d96-ed4c-41f3-9955-4a3d5e9c090c,50267381-2a4c-4ce1-87d5-194935e6b9ef.pdf
Цитарабин,Алексан,ffd84c30-eaea-4980-af84-7e5c2287f20a,9b707d5a-84bf-4d63-8376-e803a3881764.pdf
Цитарабин,Цитарабин-ЛЭНС,fbf94f0b-e702-4d17-ba0a-e5728c8ed977,1643af54-012d-45e8-bdf7-ab0821772419.pdf
Цитарабин,Цитозар,9ecbaeb3-6c93-4ed1-a5a4-810962736d17,8c377196-a554-4fa3-8a7d-99b7c28eff9c.pdf
Цитарабин,Цитарабин,b3f343f4-066b-453b-afa8-bc917aca5b87,a55c56ba-76d0-4283-a059-7fced76f7768.pdf
Эверолимус,Афинитор,356567c6-ab74-493b-8bf1-6e852db4dcca,005ae4c2-e9e2-4ad1-a2f7-001b794ec8d6.pdf
Эверолимус,ЭВЕРОЛИМУС,64d62e77-8985-4834-ba73-8d73b5672899,24df685c-9fa1-4898-a4c8-1b2dc6cace80.pdf
Эверолимус,ЭВЕЛИРОК,1ca9237a-501c-49d0-8864-628c885eb460,2515c817-1308-4d9b-b9cc-5e105ad05e22.pdf
Эверолимус,Афинитор,ad806adf-8adf-4917-94c7-2008f4adc3a8,621e6858-7a81-4905-8ff7-a0e53d1d969d.pdf
Эверолимус,ЭВЕРОЛИМУС,0c458f8d-a4dd-4380-8629-4d3e473c51fc,df491768-f030-4ff9-a6c8-04864f4f34cd.pdf
Эверолимус,СЕЙВНОВИ,c1070b7c-5a21-4956-951e-02531d7d6a8a,f4823c8e-27cf-4e9a-a2e8-621cf9c3935a.pdf
Эверолимус,Сертикан,d4580d8a-220d-4a67-8975-f40ff6ad84b9,150ec4fd-b636-4dd6-b700-ed7fb2bd5b02.pdf
Эверолимус,ЭВЕРОЛИМУС-ПРОМОМЕД,9d3725d1-738e-4092-ae17-954526d01958,45c97183-ba0c-4752-a2e1-29129709f578.pdf
Эверолимус,Эверолимус-АМЕДАРТ,76c9bfb1-62c7-4859-97fa-bef5178c7a72,9447f5a4-4c68-4e4b-88c1-de40de0fb160.pdf
Эверолимус,Алвида,9b1dc6ef-b20f-40fa-8566-55115a669849,c3c5e531-3df0-4523-9042-d36e02158935.pdf
Эксеместан,Эксеместан-ТЛ,ae38fd0a-0bb4-4fbe-9aef-0a9510c4f1a3,7d2bdf14-2126-45b1-8ba1-b1f8aa297eea.pdf
Эксеместан,Аромазин,5bc90af5-e7ec-4ad5-bc3c-0cc0630c31f3,930df528-3963-4f99-81d4-9cf0c9be7f89.pdf
Элотузумаб,Эмплисити,4466bf24-41ea-41df-85e7-2b090e529b58,6f5ec1bf-cb57-47d0-8e42-055cabbac232.pdf
Эпирубицин,Эпирубицин-Рус,c6138137-8491-4a8d-8a35-629d970e9058,3a956731-12bc-497f-996f-59568ed5ff87.pdf
Эпирубицин,Эпирубицин-РОНЦ,933ec328-124a-48b7-879e-ad227c322205,f646a039-bfd9-45bd-95ae-3f54cda798aa.pdf
Эпирубицин,Фарморубицин быстрорастворимый,a7e5dd02-a12e-426b-87e8-84101f456350,5473b3c5-a3b8-4b2d-93a7-eaece6885966.pdf
Эпирубицин,Эпирубицин,de24c09d-bf99-476e-8b02-dbf1efec02a3,c345f407-1460-46da-b410-f7c259140a60.pdf
Эпирубицин,Эпирубицин-Келун-Казфарм,c12f4596-070b-4421-97b3-784fc4ed2ff8,f9f2369c-54dd-4903-bed3-b8444d5524f4.pdf
Эрлотиниб,Эрлотиниб-натив,eb628aee-83a5-4f3e-a9e1-42747610197d,5868db7d-3d41-4cfa-8652-e166b94a59da.pdf
Эрлотиниб,Эрлотиниб,5f835d29-b261-4d1a-8350-93e7b83bcfe2,7cef7bbf-be25-40c4-9ab5-99cf789cea21.pdf
Эрлотиниб,Эрлотиниб,e8640381-98b6-4dff-9448-6a42e0ce7b09,a38da3f7-2963-4405-9b4d-9d6fb8c7a015.pdf
Эрлотиниб,Эрлотиниб,444444f9-363e-4413-9048-1f832f942c7d,cb5385b6-5a8b-4193-9bff-c0d7b977469a.pdf
Эрлотиниб,ЭРЛОТИНИБ-ТЛ,39bbe6e3-f345-4cbf-b5f5-a159ac43d618,d3e2a83f-96c9-453d-bca1-d5a4f2f9996a.pdf
Эрлотиниб,Эрлатера,93d0252c-e23b-4852-9799-0d308d0a698d,fde10876-e944-46fa-9c92-d5bb6416fc66.pdf
Этопозид,Филотид,f92ff0a4-4157-40a6-9e2e-ddbcce239f8f,743d4999-d0bf-47af-85ae-d644908794e2.pdf
Этопозид,Этопозид-Рус,f88e724e-e3c6-4d20-ad4f-5d16e4ede63b,74d2237b-6339-4cae-b37a-35665ba1710a.pdf
Этопозид,Фитозид,e34a2b2d-447a-4051-9651-cbb09f8882b9,8f9fba7f-fd02-4df2-9253-1845647e2cdf.pdf
Этопозид,Этопозид-ЛЭНС,a0f37a08-db3e-4095-97bc-fd8ac36b1262,dab68cee-1f2b-4687-bb76-96203800d17e.pdf
Этопозид,Фитозид,eac03547-ea20-413a-b976-9151deb254c4,1af1c371-d6d5-475f-af8d-f1f7d5a1d2c1.pdf
Этопозид,Ластет,82190c01-9445-4799-a905-c166ee76a7bc,414d73f5-29c7-4823-b2a4-a14b8fc57a0a.pdf
Этопозид,Этопозид-Тева,28404765-6f64-49da-94a4-4079fe7ab37d,6065efdc-9382-4492-acf1-1a4b3a2e60d6.pdf
Этопозид,Этопозид-Эбеве,8fdf4e0b-077d-4aef-9bb0-b99b749b1218,aa1669fb-58de-4e20-aa92-cb3dd1d43ea8.pdf
Этопозид,Этопозид,e57eef5f-321c-401a-b7e7-e9e7e77d7444,П_N012704_01[2011]_0.pdf
Этопозид,Ластет,5c2006a5-ffd6-487e-8330-2f2ab2619c46,П_N014897_02[2014]_0.pdf
